racedate,racetime,track,race_name,race_restrictions_age,race_class,major,race_distance,prize_money,going_description,number_of_runners,place,distbt,horse_name,stall,trainer,horse_age,jockey_name,jockeys_claim,pounds,odds,fav,official_rating,comptime,comptime_numeric,TotalDstBt,MedianOR,Dist_Furlongs,placing_numerical,RCode,BFSP,BFSP_Place,PlcsPaid,BFPlcsPaid,Yards,RailMove,RaceType,Comment,CardNo,StallPositioning,TrackDirection,Headgear,dayssincelr,careerruns,stallion,surfacetype,horse_prizewin,HorseSex,dam,damstallion,MaxORinRace,
"2026-03-16","2.30.","Ffos Las","Plan A Conditional Jockeys Mares Handicap Hurdle","4yo+","Class 5",,"2m4.5f ","3248","Soft","6","1st",,"Hellfire Princess","0","Lee, Miss Kerry","9","Macey, Benjamin","0","168","4",,"100","5 mins 39.03s","339.03",,"88.5","20.5","1","National Hunt","5.4","2.93427871","2","2","4400","86","Handicap Hurdle","held up in rear but in touch, steady headway from bend before 3 out, travelling well and pressed leader 2 out, led and edged left before last, not fluent last, ran on well, won going away","1","None","Left Handed","CkPc","28","15","Dunaden (FR)","Flat","3248","Mare","Ryde Back","Bob Back (USA)","100",
"2026-03-16","2.30.","Ffos Las","Plan A Conditional Jockeys Mares Handicap Hurdle","4yo+","Class 5",,"2m4.5f ","3248","Soft","6","2nd","1.25","Neeps And Tatties","0","Phillips, R T","7","Lambert, Finn","0","152","10",,"84","5 mins 39.03s","339.03","1.25","88.5","20.5","2","National Hunt","12.5","4.81739351","2","2","4400","86","Handicap Hurdle","led, faced challenge 2 out, headed before last, chased winner run-in, no extra towards finish","5","None","Left Handed","Hood","9","6","Black Sam Bellamy (IRE)","Flat","1494","Mare","Supreme Gem (IRE)","Supreme Leader","100",
"2026-03-16","2.30.","Ffos Las","Plan A Conditional Jockeys Mares Handicap Hurdle","4yo+","Class 5",,"2m4.5f ","3248","Soft","6","3rd","2.75","Queen Of Steel","0","OBrien, Fergal","6","OBrien, Miss Fern","3","158","2.5","(JFav)","93","5 mins 39.03s","339.03","4","88.5","20.5","3","National Hunt","3.95","2.06","2","2","4400","86","Handicap Hurdle","towards rear, mistake 5th, pushed along 3 out, ridden after 2 out, disputed third last, chased leading pair run-in, no extra towards finish","3","None","Left Handed","CkPc","26","36","Nathaniel (IRE)","Flat","747","Mare","Canyara (GER)","Dansili","100",
"2026-03-16","2.30.","Ffos Las","Plan A Conditional Jockeys Mares Handicap Hurdle","4yo+","Class 5",,"2m4.5f ","3248","Soft","6","4th","0.75","Man Maid","0","Dickin, Harriet","5","Pritchard, Mr Callum","0","167","9",,"99","5 mins 39.03s","339.03","4.75","88.5","20.5","4","National Hunt","11","5","2","2","4400","86","Handicap Hurdle","midfield, dropped to rear after 1st, pushed along and some headway after 3 out, ridden after 2 out, briefly disputed third approaching last, weakened run-in","2","None","Left Handed",,"19","4","Frontiersman","Flat","374","Mare","Maid Of Milan (IRE)","Milan","100",
"2026-03-16","2.30.","Ffos Las","Plan A Conditional Jockeys Mares Handicap Hurdle","4yo+","Class 5",,"2m4.5f ","3248","Soft","6","5th","6","Rest Is The Best (IRE)","0","Dickin, Harriet","5","Dodd, Murray","3","149","2.5","(JFav)","84","5 mins 39.03s","339.03","10.75","88.5","20.5","5","National Hunt","3.92261201","2.16","2","2","4400","86","Handicap Hurdle","midfield, not fluent 6th and soon pushed along, raced wide from 4 out, outpaced 3 out, ridden before 2 out, weakened after last","4","None","Left Handed","CkPc","23","5","Order Of St George (IRE)","Flat","186","Mare","Erkindale Miss (IRE)","Supreme Leader","100",
"2026-03-16","2.30.","Ffos Las","Plan A Conditional Jockeys Mares Handicap Hurdle","4yo+","Class 5",,"2m4.5f ","3248","Soft","6","6th","11","Half Pint Daisy (IRE)","0","Boultbee-brooks, Clive","7","Fox, Ned","0","142","5.5",,"74","5 mins 39.03s","339.03","21.75","88.5","20.5","6","National Hunt","7.4","3.45","2","2","4400","86","Handicap Hurdle","wore hood to start, soon raced in second, pushed along when lost position after 3 out, outpaced before 2 out, soon weakened","6","None","Left Handed",,"23","5","Soldier Of Fortune (IRE)","Flat","0","Mare","Passlands (IRE)","Kings Theatre (IRE)","100",
"2026-03-16","3.00.","Ffos Las","Good Luck Barry Murphy Handicap Chase","5yo+","Class 5",,"2m3.5f ","3248","Soft","6","1st",,"Boston Joe (IRE)","0","Curtis, Miss Rebecca","10","Jones, Ben R","0","167","3",,"95","5 mins 23.42s","323.42",,"91","19.5","1","National Hunt","4.8","2.49220913","2","2","4263","62","Handicap Chase","held up in rear but in touch, not fluent 5th, rapid headway to disputed lead 4 out, led 3 out, asserted 2 out, mistake last and soon reduced lead, rallied and ran on well when faced challenge run-in, all out to hold on (second and fourth fences in back straight omitted)","2","None","Left Handed",,"48","27","Sageburg (IRE)","Flat","3248","Gelding","Supreme Millie (IRE)","Milan","96",
"2026-03-16","3.00.","Ffos Las","Good Luck Barry Murphy Handicap Chase","5yo+","Class 5",,"2m3.5f ","3248","Soft","6","2nd","0.75","El Rojo Grande (IRE)","0","Price, Katy","9","Quinlan, S M","3","157","2.25","(Fav)","88","5 mins 23.42s","323.42","0.75","91","19.5","2","National Hunt","3.53066803","2","2","2","4263","62","Handicap Chase","disputed lead to 1st, soon raced in close second, disputed lead 4 out, ridden to chase winner from 2 out, every chance after last, stayed on but no extra towards finish","4","None","Left Handed",,"24","17","Ocovango","Flat","1494","Gelding","Matt Wood (IRE)","Woodborough (USA)","96",
"2026-03-16","3.00.","Ffos Las","Good Luck Barry Murphy Handicap Chase","5yo+","Class 5",,"2m3.5f ","3248","Soft","6","3rd","2.5","Benignitas (IRE)","0","Treacy, Gordon","9","Corcoran, Mr Rian","7","159","8.5",,"94","5 mins 23.42s","323.42","3.25","91","19.5","3","National Hunt","11","4","2","2","4263","62","Handicap Chase","midfield, mistake 4th, pushed along 8th, outpaced after 4 out, rallied after 2 out, chased leaders after last, weakened towards finish","3","None","Left Handed",,"33","14","Fracas (IRE)","Flat","747","Mare","Saintly Hertfield (USA)","Saint Ballado (CAN)","96",
"2026-03-16","3.00.","Ffos Las","Good Luck Barry Murphy Handicap Chase","5yo+","Class 5",,"2m3.5f ","3248","Soft","6","4th","2.25","Henry Box Brown (IRE)","0","Williams, Mrs C","9","Collier, Ellis","5","151","7",,"84","5 mins 23.42s","323.42","5.5","91","19.5","4","National Hunt","10","3.75","2","2","4263","62","Handicap Chase","towards rear but in touch, pushed along before 3 out, dropped to 3 out, ridden and modest headway before last, weakened towards finish","5","None","Left Handed",,"92","34","Getaway (GER)","Flat","374","Gelding","Lough Coyne (IRE)","Bob Back (USA)","96",
"2026-03-16","3.00.","Ffos Las","Good Luck Barry Murphy Handicap Chase","5yo+","Class 5",,"2m3.5f ","3248","Soft","6","5th","15","Ferando (IRE)","0","Murphy, B T","6","Pritchard, Mr Callum","3","146","3.33",,"77","5 mins 23.42s","323.42","20.5","91","19.5","5","National Hunt","4.4","2.86","2","2","4263","62","Handicap Chase","disputed lead to 1st, soon raced led, not fluent 2nd, joined 4 out, headed before 3 out, ridden before 2 out, weakened quickly before last","7","None","Left Handed"," TT","193","4","Westerner","Flat","186","Gelding","At The Top (FR)","Network (GER)","96",
"2026-03-16","3.00.","Ffos Las","Good Luck Barry Murphy Handicap Chase","5yo+","Class 5",,"2m3.5f ","3248","Soft","6","F",,"Walkinthewoods (IRE)","0","Williams, Mrs C","9","Radford, Mr Osian","10","158","9",,"96","5 mins 23.42s","323.42",,"91","19.5","F","National Hunt","12","4.1","2","2","4263","62","Handicap Chase","midfield, outpaced and dropped to rear when fell 4 out","1","None","Left Handed",,"19","38","Walk In The Park (IRE)","Flat",,"Gelding","Mercy Mission","Karinga Bay","96",
"2026-03-16","3.30.","Ffos Las","Celtic Subaru Novices Hurdle (GBB Race)","4yo+","Class 4",,"2m4.5f ","5446","Soft","4","1st",,"Lon Chaney (IRE)","0","Murphy, Olly","6","Bowen, Sean P","0","166","0.83","(Fav)","126","5 mins 23.35s","323.35",,"0","20.5","1","National Hunt","1.94506751","1.24","1","2","4400","86","Novices Hurdle","wore hood to start, made all, steadily asserted from 3 out, not fluent but well clear 2 out, well in command last, pushed out, readily","1","None","Left Handed",,"30","4","Walk In The Park (IRE)","Flat","5446","Gelding","Oscar Ladensa (IRE)","Oscar (IRE)","126",
"2026-03-16","3.30.","Ffos Las","Celtic Subaru Novices Hurdle (GBB Race)","4yo+","Class 4",,"2m4.5f ","5446","Soft","4","2nd","7.5","Whiskey Yankee","0","Thomas, Sam","5","Johnston, Dylan","0","166","1.25",,"0","5 mins 23.35s","323.35","7.5","0","20.5","2","National Hunt","2.59665634","1.25944152","1","2","4400","86","Novices Hurdle","raced in close second, not fluent 6th, pushed along after 3 out, outpaced by winner after 2 out, kept on but no impression after last","2","None","Left Handed"," TT","30","3","Hunters Light (IRE)","Flat","2509","Gelding","Charbelle (FR)","Poliglote","126",
"2026-03-16","3.30.","Ffos Las","Celtic Subaru Novices Hurdle (GBB Race)","4yo+","Class 4",,"2m4.5f ","5446","Soft","4","3rd","27","Soldier For Glory (IRE)","0","Curtis, Miss Rebecca","6","Jones, Ben R","0","159","8.5",,"0","5 mins 23.35s","323.35","34.5","0","20.5","3","National Hunt","12.30660337","2.94095464","1","2","4400","86","Novices Hurdle","raced in third, lost ground on leading pair after 4th, struggling 4 out, tailed off after 3 out","4","None","Left Handed",,"24","1","Soldier Of Fortune (IRE)","Flat","1254","Gelding","Fruits De Mer (IRE)","Presenting","126",
"2026-03-16","3.30.","Ffos Las","Celtic Subaru Novices Hurdle (GBB Race)","4yo+","Class 4",,"2m4.5f ","5446","Soft","4","4th","99","Makinbecon","0","Murphy, B T","6","Fenelon, S","5","154","150",,"0","5 mins 23.35s","323.35","133.5","0","20.5","4","National Hunt","290","32.04562671","1","2","4400","86","Novices Hurdle","held in fourth, three lengths detached after 2nd, tailed off after 4 out","3","None","Left Handed",,"15","2","Yeats (IRE)","Flat","628","Gelding","Dedrunknmunky (IRE)","Rashar (USA)","126",
"2026-03-16","4.00.","Ffos Las","Sarnau Stables Joins Barry Murphy Racing Welsh Gold Cup Handicap Chase (GBB Race)","5yo+","Class 3",,"3m ","9242","Soft","8","1st",,"Big City Roller","0","Longsdon, C E","8","Pinchin, Miss L M","0","164","8.5",,"125","6 mins 40.29s","400.29",,"118","24","1","National Hunt","11.6991657","2.98","3","3","5237","83","Handicap Chase","prominent, led 2nd, headed before 3rd, left in lead but hampered 5th, not fluent 3 out, ridden after 2 out, all out after last, just held on","4","None","Left Handed","CkPc","17","6","Cityscape","Flat","9242","Gelding","Wise Little Girl","Singspiel (IRE)","129",
"2026-03-16","4.00.","Ffos Las","Sarnau Stables Joins Barry Murphy Racing Welsh Gold Cup Handicap Chase (GBB Race)","5yo+","Class 3",,"3m ","9242","Soft","8","2nd","0.5","Alfies Princess (IRE)","0","Thomas, Sam","9","Johnston, Dylan","0","161","6",,"122","6 mins 40.29s","400.29","0.5","118","24","2","National Hunt","8.4","2.42","3","3","5237","83","Handicap Chase","prominent, hampered 5th, closed on leaders 4 out, went second before 2 out, , chased winner before last, all out run-in, no extra towards finish","5","None","Left Handed"," TT","59","10","Shirocco (GER)","Flat","4252","Mare","Dunahall Queen (IRE)","Saddlers Hall (IRE)","129",
"2026-03-16","4.00.","Ffos Las","Sarnau Stables Joins Barry Murphy Racing Welsh Gold Cup Handicap Chase (GBB Race)","5yo+","Class 3",,"3m ","9242","Soft","8","3rd","HD","Face Dmusic (IRE)","0","Price, Katy","7","Quinlan, S M","3","144","2.5",,"108","6 mins 40.29s","400.29","0.6","118","24","3","National Hunt","3.65","1.61769843","3","3","5237","83","Handicap Chase","led, headed 2nd, hampered 5th, not fluent 6th, ridden approaching 4 out, not fluent 3 out, outpaced by leading pair 2 out, rallied ran on after last, no extra final strides","9","None","Left Handed","Blnk","15","21","Jukebox Jury (IRE)","Flat","2126","Gelding","Presenting Brook (IRE)","Presenting","129",
"2026-03-16","4.00.","Ffos Las","Sarnau Stables Joins Barry Murphy Racing Welsh Gold Cup Handicap Chase (GBB Race)","5yo+","Class 3",,"3m ","9242","Soft","8","4th","2.25","Saint Palais (FR)","0","Bandey, R J","9","Bannister, Harry A A","0","166","6.5",,"127","6 mins 40.29s","400.29","2.85","118","24","4","National Hunt","8.8","2.36694195","3","3","5237","83","Handicap Chase","towards rear, mistake 9th, chased leaders from 3 out, ridden approaching 2 out, disputing third when mistake last, weakened towards finish","2","None","Left Handed",,"27","19","Saint Des Saints (FR)","Flat","1064","Gelding","Ladies Choice (FR)","Turgeon (USA)","129",
"2026-03-16","4.00.","Ffos Las","Sarnau Stables Joins Barry Murphy Racing Welsh Gold Cup Handicap Chase (GBB Race)","5yo+","Class 3",,"3m ","9242","Soft","8","5th","4.75","Karuma Grey (GER)","0","Murphy, B T","8","Fenelon, S","5","148","12",,"114","6 mins 40.29s","400.29","7.6","118","24","5","National Hunt","22.33813115","4.3","3","3","5237","83","Handicap Chase","held up in rear, pushed along after 4th, hampered 5th, outpaced and struggling from 3 out, rallied after 2 out, stayed on after last","6","None","Left Handed",,"24","17","Jukebox Jury (IRE)","Flat","530","Gelding","Karuma (GER)","Surumu (GER)","129",
"2026-03-16","4.00.","Ffos Las","Sarnau Stables Joins Barry Murphy Racing Welsh Gold Cup Handicap Chase (GBB Race)","5yo+","Class 3",,"3m ","9242","Soft","8","6th","4.5","Puddlesinthepark (IRE)","0","Williams, Mrs C","8","Ring, C V","0","150","28",,"111","6 mins 40.29s","400.29","12.1","118","24","6","National Hunt","65.03062311","8.18312478","3","3","5237","83","Handicap Chase","towards rear, outpaced after 3 out, weakened before last","7","None","Left Handed",,"101","31","Walk In The Park (IRE)","Flat","0","Gelding","Vast Consumption (IRE)","Rudimentary (USA)","129",
"2026-03-16","4.00.","Ffos Las","Sarnau Stables Joins Barry Murphy Racing Welsh Gold Cup Handicap Chase (GBB Race)","5yo+","Class 3",,"3m ","9242","Soft","8","7th","SH","Loughderg Rocco (IRE)","0","Murphy, Olly","10","Bowen, Sean P","0","168","12",,"129","6 mins 40.29s","400.29","12.15","118","24","7","National Hunt","16.5","3.99200631","3","3","5237","83","Handicap Chase","always towards rear, struggling from 3 out, weakened after 2 out","1","None","Left Handed","CkPc","23","7","Shirocco (GER)","Flat","0","Gelding","Banaltra (IRE)","Definite Article","129",
"2026-03-16","4.00.","Ffos Las","Sarnau Stables Joins Barry Murphy Racing Welsh Gold Cup Handicap Chase (GBB Race)","5yo+","Class 3",,"3m ","9242","Soft","8","F",,"Genietoile (FR)","0","Curtis, Miss Rebecca","8","Jones, Ben R","0","149","2.25","(Fav)","110","6 mins 40.29s","400.29",,"118","24","F","National Hunt","3.56315766","1.64","3","3","5237","83","Handicap Chase","prominent, led 3rd, mistake and fell 5th","8","None","Left Handed",,"48","9","Spider Flight (FR)","Flat",,"Gelding","Olafane (FR)","Le Balafre (FR)","129",
"2026-03-16","4.30.","Ffos Las","Blackmores Handicap Hurdle","4yo+","Class 4",,"2m4.5f ","4066","Soft","8","1st",,"Jacks Jury (IRE)","0","Murphy, B T","6","Pritchard, Mr Callum","3","146","9",,"91","5 mins 28.85s","328.85",,"106","20.5","1","National Hunt","11.63767331","3.33738442","3","3","4400","86","Handicap Hurdle","prominent, led before last, ridden clear run-in, readily","8","None","Left Handed","CkPc TT","15","10","Jukebox Jury (IRE)","Flat","4066","Gelding","Shedan (IRE)","Perpendicular","111",
"2026-03-16","4.30.","Ffos Las","Blackmores Handicap Hurdle","4yo+","Class 4",,"2m4.5f ","4066","Soft","8","2nd","3.5","Up To Trix","0","Murphy, Olly","6","Bowen, Sean P","0","164","2.5","(Fav)","106","5 mins 28.85s","328.85","3.5","106","20.5","2","National Hunt","4.2","1.7552108","3","3","4400","86","Handicap Hurdle","held up in rear, headway from 3 out, every chance and upsides winner 2 out, ridden after last, weakened towards finish","5","None","Left Handed",,"24","3","Schiaparelli (GER)","Flat","1871","Gelding","Box Of Trix (IRE)","Flemensfirth (USA)","111",
"2026-03-16","4.30.","Ffos Las","Blackmores Handicap Hurdle","4yo+","Class 4",,"2m4.5f ","4066","Soft","8","3rd","1","Double Click (IRE)","0","Snowden, Jamie","8","Sheehan, Gavin","0","168","11",,"110","5 mins 28.85s","328.85","4.5","106","20.5","3","National Hunt","14.5","3.15","3","3","4400","86","Handicap Hurdle","in touch with leaders, outpaced before out, rallied and stayed on after 2 out, ran on, took third towards finish","2","None","Left Handed","Blnk","24","20","Flemensfirth (USA)","Flat","936","Gelding","Katmai (IRE)","Bob Back (USA)","111",
"2026-03-16","4.30.","Ffos Las","Blackmores Handicap Hurdle","4yo+","Class 4",,"2m4.5f ","4066","Soft","8","4th","NK","Jukebox Fury (IRE)","0","Henderson, N J","7","Bowen, James C","0","165","5",,"107","5 mins 28.85s","328.85","4.65","106","20.5","4","National Hunt","7.2","2.7","3","3","4400","86","Handicap Hurdle","led, joined before 2nd, pushed along before 3 out, rallied after 2 out, stayed on, just denied 3rd final strides","3","None","Left Handed",,"363","6","Jukebox Jury (IRE)","Flat","468","Gelding","Dalamine (FR)","Sillery (USA)","111",
"2026-03-16","4.30.","Ffos Las","Blackmores Handicap Hurdle","4yo+","Class 4",,"2m4.5f ","4066","Soft","8","5th","0.75","El Gavilan (FR)","0","Boultbee-brooks, Clive","5","Patrick, Richard","0","169","3",,"111","5 mins 28.85s","328.85","5.4","106","20.5","5","National Hunt","4.34400846","1.71068563","3","3","4400","86","Handicap Hurdle","prominent, soon disputed lead, clearly led before 5th, mistake 3 out, ridden when headed before 2 out, outpaced before last, weakened run-in","1","None","Left Handed","CkPc TT","24","12","Guignol (GER)","Flat","233","Gelding","La Jalousie (FR)","Muhtathir","111",
"2026-03-16","4.30.","Ffos Las","Blackmores Handicap Hurdle","4yo+","Class 4",,"2m4.5f ","4066","Soft","8","6th","14","Gustapof (FR)","0","Curtis, Miss Rebecca","5","Jones, Ben R","0","160","8",,"102","5 mins 28.85s","328.85","19.4","106","20.5","6","National Hunt","10","3.1","3","3","4400","86","Handicap Hurdle","held up towards rear, some headway before 7th, outpaced from 3 weakened after 2 out","7","None","Left Handed","Hood","27","4","Jeu St Eloi (FR)","Flat","0","Gelding","Miss De Gane (FR)","My Risk (FR)","111",
"2026-03-16","4.30.","Ffos Las","Blackmores Handicap Hurdle","4yo+","Class 4",,"2m4.5f ","4066","Soft","8","7th","6.5","Sioux Falls (GER)","0","Williams, Mrs C","6","Ring, C V","0","160","11",,"102","5 mins 28.85s","328.85","25.9","106","20.5","7","National Hunt","13.5","3.45","3","3","4400","86","Handicap Hurdle","prominent, not fluent 5th, outpaced after 2 out, weakened quickly before last","6","None","Left Handed",,"40","3","Guiliani (IRE)","Flat","0","Gelding","Shine On (GER)","Lando (GER)","111",
"2026-03-16","4.30.","Ffos Las","Blackmores Handicap Hurdle","4yo+","Class 4",,"2m4.5f ","4066","Soft","8","8th","8.5","Close Combat (IRE)","0","Hawke, N J","5","Carver, Bryan","0","164","12",,"106","5 mins 28.85s","328.85","34.4","106","20.5","8","National Hunt","15.5","3.85","3","3","4400","86","Handicap Hurdle","midfield, pushed along before 3 out, tailed off from 2 out","4","None","Left Handed",,"27","7","Kessaar (IRE)","Flat","0","Gelding","Windy Lane","Dubai Destination (USA)","111",
"2026-03-16","5.00.","Ffos Las","Turf Services Mares Open Maiden NH Flat Race (GBB Race)","4-6yo","Class 5",,"2m ","2376","Soft","5","1st",,"Galatrona (IRE)","0","Longsdon, C E","5","Burke, Jonathan","0","156","0.91","(Fav)","0","4 mins 8.33s","248.33",,"0","16","1","National Hunt","1.94","1.39167002","2","2","3482","62","Maiden NH Flat","made all, set strong pace and quickened approaching halfway, went clear from over 2f out, ran on well, readily","3","None","Left Handed",,"None","0","Harzand (IRE)","Flat","2376","Mare","Fairy On The Moor (IRE)","Presenting","0",
"2026-03-16","5.00.","Ffos Las","Turf Services Mares Open Maiden NH Flat Race (GBB Race)","4-6yo","Class 5",,"2m ","2376","Soft","5","2nd","9","Port And Brandy (IRE)","0","Bowen, Mickey","6","Bowen, Sean P","0","156","2.5",,"0","4 mins 8.33s","248.33","9","0","16","2","National Hunt","4.3","1.7026003","2","2","3482","62","Maiden NH Flat","soon raced in close third, took second and tracked leader soon after halfway, outpaced over 2f out, kept on but no telling impression on winner final furlong","6","None","Left Handed",,"37","1","Affinisea (IRE)","Flat","1094","Mare","New Sensation","Kayf Tara","0",
"2026-03-16","5.00.","Ffos Las","Turf Services Mares Open Maiden NH Flat Race (GBB Race)","4-6yo","Class 5",,"2m ","2376","Soft","5","3rd","3.5","Johnnys Belle (IRE)","0","Murphy, B T","6","Bowen, James C","0","156","7.5",,"0","4 mins 8.33s","248.33","12.5","0","16","3","National Hunt","12","3.93902747","2","2","3482","62","Maiden NH Flat","towards rear, pushed along over 4 out, rallied and stayed on final furlong, took third towards finish","4","None","Left Handed",,"None","0","Malinas (GER)","Flat","547","Mare","Oh Deja Vu (IRE)","Flemensfirth (USA)","0",
"2026-03-16","5.00.","Ffos Las","Turf Services Mares Open Maiden NH Flat Race (GBB Race)","4-6yo","Class 5",,"2m ","2376","Soft","5","4th","1.5","Atlantic Blue","0","Daly, H D","5","Sheppard, Stan","0","156","50",,"0","4 mins 8.33s","248.33","14","0","16","4","National Hunt","67.57819907","21.36092405","2","2","3482","62","Maiden NH Flat","soon raced in close second, pushed along and lost position soon after halfway, ridden in third over 2f out, pressed for position final furlong, weakened and lost one place towards finish","1","None","Left Handed",,"37","1","Blue Bresil (FR)","Flat","274","Mare","Lady Beaufort","Shirocco (GER)","0",
"2026-03-16","5.00.","Ffos Las","Turf Services Mares Open Maiden NH Flat Race (GBB Race)","4-6yo","Class 5",,"2m ","2376","Soft","5","5th","99","Mirabello","0","Snowden, Jamie","5","Sheehan, Gavin","0","156","4.5",,"0","4 mins 8.33s","248.33","113","0","16","5","National Hunt","6.06430444","2.48","2","2","3482","62","Maiden NH Flat","held up in rear, pushed along to stay in touch early, struggling from 3f out, soon tailed off","5","None","Left Handed",,"None","0","Order Of St George (IRE)","Flat","136","Mare","Fernello","Presenting","0",
"2026-03-16","2.15.","Plumpton","More Radio Maiden Hurdle (GBB Race)","4yo+","Class 4",,"2m5f ","5446","Good To Soft","8","1st",,"Escortkheops (FR)","0","Horsfall, Miss L","6","Brogan, Kevin","0","161","1.75","(Fav)","110","5 mins 14.54s","314.54",,"0","21","1","National Hunt","2.88","1.27103447","3","3","4516","87","Maiden Hurdle","prominent, not fluent 6th, shaken up before 2 out, chased leader after 2 out, led last where bad mistake, recovered and kept on","1","None","Left Handed",,"26","7","Masterstroke (USA)","Very Undulating","5446","Gelding","Escortwoman (FR)","Robin Des Champs (FR)","110",
"2026-03-16","2.15.","Plumpton","More Radio Maiden Hurdle (GBB Race)","4yo+","Class 4",,"2m5f ","5446","Good To Soft","8","2nd","1","Viscountess Nelson (IRE)","0","Henderson, N J","6","Boinville, Nico","0","154","2.13",,"0","5 mins 14.54s","314.54","1","0","21","2","National Hunt","3.52084354","1.52841767","3","3","4516","87","Maiden Hurdle","prominent, led before 2 out, soon ridden, headed last where not fluent, kept on but held by winner","8","None","Left Handed",,"84","1","Mount Nelson","Very Undulating","2509","Mare","Taws","Hernando (FR)","110",
"2026-03-16","2.15.","Plumpton","More Radio Maiden Hurdle (GBB Race)","4yo+","Class 4",,"2m5f ","5446","Good To Soft","8","3rd","13","Lola De Magny (FR)","0","Irvine, Andy","5","Quinn, Caoilin","0","154","11",,"0","5 mins 14.54s","314.54","14","0","21","3","National Hunt","16.5","3.55196462","3","3","4516","87","Maiden Hurdle","led, ridden and headed before 2 out, plugged on, no match for front pair","7","None","Left Handed",,"49","1","Jeu St Eloi (FR)","Very Undulating","1254","Mare","Flogalop (FR)","Ballingarry (IRE)","110",
"2026-03-16","2.15.","Plumpton","More Radio Maiden Hurdle (GBB Race)","4yo+","Class 4",,"2m5f ","5446","Good To Soft","8","4th","17","Approaching Storm (IRE)","0","Gifford, N J","5","Worsley, Tabitha","3","151","500",,"0","5 mins 14.54s","314.54","31","0","21","4","National Hunt","1000","110","3","3","4516","87","Maiden Hurdle","held up in touch, went fifth before 3 out, pushed along into fourth after 3 out, held from 2 out","6","None","Left Handed",,"42","3","Shirocco (GER)","Very Undulating","628","Mare","Another Tempest (IRE)","Old Vic","110",
"2026-03-16","2.15.","Plumpton","More Radio Maiden Hurdle (GBB Race)","4yo+","Class 4",,"2m5f ","5446","Good To Soft","8","5th","33","Lunar Morning (IRE)","0","Comley, Max","5","Bass, David","0","161","14",,"0","5 mins 14.54s","314.54","64","0","21","5","National Hunt","17.12139926","4.41776817","3","3","4516","87","Maiden Hurdle","held up in touch, improved into fourth 6th, ridden after 9th, no impression after 3 out","3","None","Left Handed","CkPc","162","1","Sea Moon","Very Undulating","0","Gelding","Morning Babe (IRE)","Yeats (IRE)","110",
"2026-03-16","2.15.","Plumpton","More Radio Maiden Hurdle (GBB Race)","4yo+","Class 4",,"2m5f ","5446","Good To Soft","8","6th","5","Our Amigo","0","Gifford, N J","6","Davies, James","0","161","5.5",,"0","5 mins 14.54s","314.54","69","0","21","6","National Hunt","7.30055603","1.98","3","3","4516","87","Maiden Hurdle","midfield, mistake and lost place 9th, soon dropped to last, tailed off","4","None","Left Handed",,"118","2","Malinas (GER)","Very Undulating","0","Gelding","As Was","Epalo (GER)","110",
"2026-03-16","2.15.","Plumpton","More Radio Maiden Hurdle (GBB Race)","4yo+","Class 4",,"2m5f ","5446","Good To Soft","8","7th","6","West Along (IRE)","0","Rowe, R","6","Cannon, Tom J","0","161","12",,"0","5 mins 14.54s","314.54","75","0","21","7","National Hunt","19.5","3.55","3","3","4516","87","Maiden Hurdle","held up in touch, reminders after 8th, soon pushed along, detached 3 out, tailed off","5","None","Left Handed",,"22","3","Westerner","Very Undulating","0","Gelding","Princess Gaia (IRE)","Kings Theatre (IRE)","110",
"2026-03-16","2.15.","Plumpton","More Radio Maiden Hurdle (GBB Race)","4yo+","Class 4",,"2m5f ","5446","Good To Soft","8","PU",,"Idaho Fire (IRE)","0","Nicholls, P F","5","Cobden, Harry","0","161","12",,"0","5 mins 14.54s","314.54",,"0","21","PU","National Hunt","15.32602005","3.61655901","3","3","4516","87","Maiden Hurdle","midfield, dropped to rear 5th, mistake 7th, reminders before next, detached 3 out, pulled up after 3 out","2","None","Left Handed",,"60","2","Idaho (IRE)","Very Undulating",,"Gelding","Thisgirlisonfire (IRE)","Special Kaldoun (IRE)","110",
"2026-03-16","2.45.","Plumpton","Southern Cranes & Access Ltd Handicap Chase (GBB Race)","5yo+","Class 4",,"2m1f ","5809","Good To Soft","5","1st",,"Kool Kid","0","Tizzard, Joe","6","Powell, Brendan","0","167","1.38","(Fav)","108","4 mins 18.43s","258.43",,"108","17","1","National Hunt","2.4","1.58955172","2","2","3739","55","Handicap Chase","raced in third, lost third 8th, regained third 9th, pushed along after 3 out, rider dropped whip after 2 out, challenged before last, kept on strongly run-in, led close home","4","None","Left Handed",,"21","7","Kool Kompany (IRE)","Very Undulating","5809","Gelding","Silver Link (IRE)","Arcano (IRE)","109",
"2026-03-16","2.45.","Plumpton","Southern Cranes & Access Ltd Handicap Chase (GBB Race)","5yo+","Class 4",,"2m1f ","5809","Good To Soft","5","2nd","1.25","Park Annonciade (FR)","0","Humphrey, Mrs S J","8","McLernon, R P","0","168","4",,"109","4 mins 18.43s","258.43","1.25","108","17","2","National Hunt","5.44203412","2.3844956","2","2","3739","55","Handicap Chase","prominent, led 4th, shaken up after 2 out, pressed before last, kept on run-in, headed close home","1","None","Left Handed"," TT","89","24","Masked Marvel","Very Undulating","2673","Gelding","Yellow Ball (FR)","Ballingarry (IRE)","109",
"2026-03-16","2.45.","Plumpton","Southern Cranes & Access Ltd Handicap Chase (GBB Race)","5yo+","Class 4",,"2m1f ","5809","Good To Soft","5","3rd","3.5","Delpotro (FR)","0","Longsdon, C E","6","Bass, David","0","168","6",,"109","4 mins 18.43s","258.43","4.75","108","17","3","National Hunt","8.4","3.25","2","2","3739","55","Handicap Chase","led, headed and remained prominent 4th, asked for effort before 2 out, challenged after 2 out, kept on but held by front pair run-in","2","None","Left Handed","Hood TT","125","11","Masked Marvel","Very Undulating","1336","Gelding","Tigrine (FR)","Alberto Giacometti (IRE)","109",
"2026-03-16","2.45.","Plumpton","Southern Cranes & Access Ltd Handicap Chase (GBB Race)","5yo+","Class 4",,"2m1f ","5809","Good To Soft","5","4th","23","Angels Dream (FR)","0","Moore, Gary and Josh","8","Quinn, Caoilin","0","142","9",,"83","4 mins 18.43s","258.43","27.75","108","17","4","National Hunt","10.80943106","4.7","2","2","3739","55","Handicap Chase","raced in fourth, went third 8th, bad mistake and lost third 9th, soon asked for effort, held from 2 out","5","None","Left Handed","CkPc","64","14","Martillo (GER)","Very Undulating","669","Gelding","My Angel (FR)","My Risk (FR)","109",
"2026-03-16","2.45.","Plumpton","Southern Cranes & Access Ltd Handicap Chase (GBB Race)","5yo+","Class 4",,"2m1f ","5809","Good To Soft","5","5th","3.75","Alto Alto (FR)","0","Gordon, C","9","Gordon, Mr Fred","0","167","3.5",,"108","4 mins 18.43s","258.43","31.5","108","17","5","National Hunt","5.1","2.28","2","2","3739","55","Handicap Chase","raced in last, niggled before 8th, detached and ridden after 8th, tailed off","3","None","Left Handed","Vsor","21","27","Falco (USA)","Very Undulating","333","Gelding","Beautyful (IRE)","Montjeu (IRE)","109",
"2026-03-16","3.15.","Plumpton","William Henry Robinson Novices Handicap Hurdle","4yo+","Class 5",,"2m ","3829","Good To Soft","8","1st",,"Kingston Bresil","0","Hill,Mrs Lawney ","6","Maggs, Mr Charlie","3","155","2",,"88","3 mins 57.54s","237.54",,"85.5","16","1","National Hunt","3.67188796","1.45911981","3","3","3495","66","Handicap Novices Hurdle","midfield, improved into third before 4th, went second after 3 out, pushed along to lead before 2 out, went clear before last, comfortably","4","None","Left Handed",,"240","9","Blue Bresil (FR)","Very Undulating","3829","Gelding","Summervale (IRE)","Moss Vale (IRE)","98",
"2026-03-16","3.15.","Plumpton","William Henry Robinson Novices Handicap Hurdle","4yo+","Class 5",,"2m ","3829","Good To Soft","8","2nd","15","Risk It All (FR)","0","Moore, Gary and Josh","5","Mitchell, Mr F","3","165","1.2","(Fav)","98","3 mins 57.54s","237.54","15","85.5","16","2","National Hunt","2.36","1.23","3","3","3495","66","Handicap Novices Hurdle","led, shaken up and headed before 2 out, just held on for second","1","None","Left Handed",,"31","7","No Risk At All (FR)","Very Undulating","1762","Gelding","Popins Du Berlais (FR)","Poliglote","98",
"2026-03-16","3.15.","Plumpton","William Henry Robinson Novices Handicap Hurdle","4yo+","Class 5",,"2m ","3829","Good To Soft","8","3rd","NK","Kill The Groove (IRE)","0","Jewell, Karen","6","Cannon, Tom J","0","166","8.5",,"96","3 mins 57.54s","237.54","15.15","85.5","16","3","National Hunt","12.5","2.45423993","3","3","3495","66","Handicap Novices Hurdle","prominent, ridden after 3 out, kept on same pace","2","None","Left Handed","CkPc TT","35","9","Getaway (GER)","Very Undulating","881","Mare","Mixie The Pixie (IRE)","Court Cave (IRE)","98",
"2026-03-16","3.15.","Plumpton","William Henry Robinson Novices Handicap Hurdle","4yo+","Class 5",,"2m ","3829","Good To Soft","8","4th","1.25","Charles Morin","0","Phelan, P M","5","Houlihan, Sean M","0","151","8",,"81","3 mins 57.54s","237.54","16.4","85.5","16","4","National Hunt","11.5","2.60401065","3","3","3495","66","Handicap Novices Hurdle","midfield, pushed along after 3 out, plugged on without threatening","8","None","Left Handed",,"19","18","Churchill (IRE)","Very Undulating","441","Gelding","Colourful","Champs Elysees","98",
"2026-03-16","3.15.","Plumpton","William Henry Robinson Novices Handicap Hurdle","4yo+","Class 5",,"2m ","3829","Good To Soft","8","5th","13","Foinix","0","Best, Jim/Suzi","6","McLernon, R P","0","153","33",,"83","3 mins 57.54s","237.54","29.4","85.5","16","5","National Hunt","50","7.21658355","3","3","3495","66","Handicap Novices Hurdle","held up in touch, went fifth before 6th, asked for effort after 3 out, soon well beaten","6","None","Left Handed",,"69","52","Phoenix Reach (IRE)","Very Undulating","220","Gelding","Yeah Baby Yeah (IRE)","Art Connoisseur (IRE)","98",
"2026-03-16","3.15.","Plumpton","William Henry Robinson Novices Handicap Hurdle","4yo+","Class 5",,"2m ","3829","Good To Soft","8","6th","1.75","Somkiyr (FR)","0","Irvine, Andy","5","Quinn, Caoilin","0","148","22",,"78","3 mins 57.54s","237.54","31.15","85.5","16","6","National Hunt","32","6.2","3","3","3495","66","Handicap Novices Hurdle","held up in touch, ridden after 3 out, beaten before 2 out","9","None","Left Handed",,"21","4","Zarak (FR)","Very Undulating","0","Gelding","Soriya (FR)","Azamour (IRE)","98",
"2026-03-16","3.15.","Plumpton","William Henry Robinson Novices Handicap Hurdle","4yo+","Class 5",,"2m ","3829","Good To Soft","8","7th","35","Major Major (IRE)","0","Woods, Mrs Cynthia","6","Best, J A","0","160","40",,"90","3 mins 57.54s","237.54","66.15","85.5","16","7","National Hunt","70","8.02743987","3","3","3495","66","Handicap Novices Hurdle","midfield, dropped to rear after 5th, asked for effort after 6th, detached 3 out, tailed off","3","None","Left Handed",,"21","31","Iffraaj","Very Undulating","0","Gelding","Spinaminnie (IRE)","Moss Vale (IRE)","98",
"2026-03-16","3.15.","Plumpton","William Henry Robinson Novices Handicap Hurdle","4yo+","Class 5",,"2m ","3829","Good To Soft","8","PU",,"My Lovely Horse (FR)","0","Bridgwater, D G","6","Powell, Brendan","0","153","11",,"83","3 mins 57.54s","237.54",,"85.5","16","PU","National Hunt","18.20395544","3.4","3","3","3495","66","Handicap Novices Hurdle","prominent, dropped to midfield before 4th, struggling in last after 5th, detached after 6th, pulled up after 3 out","5","None","Left Handed","CkPc","21","5","Dschingis Secret (GER)","Very Undulating",,"Mare","Arkova (GER)","Zamindar (USA)","98",
"2026-03-16","3.45.","Plumpton","Southern Cranes & Access Ltd Mares Handicap Hurdle","4yo+","Class 4",,"2m2f ","5281","Good To Soft","4","1st",,"Dramatic Encore (IRE)","0","Derham, Harry","6","OBrien, P V","0","163","1.2","(Fav)","113","4 mins 35.66s","275.66",,"112","18","1","National Hunt","2.3","1.47333555","1","2","3909","87","Handicap Hurdle","tracked leader, ridden and lost second before 2 out, rallied to regain second last, stayed on strongly run-in, led close home","2","None","Left Handed","CkPc","40","7","Walk In The Park (IRE)","Very Undulating","5281","Mare","Lyrical Theatre (IRE)","Kings Theatre (IRE)","118",
"2026-03-16","3.45.","Plumpton","Southern Cranes & Access Ltd Mares Handicap Hurdle","4yo+","Class 4",,"2m2f ","5281","Good To Soft","4","2nd","1","La Marquise (FR)","0","Snowden, Jamie","6","Anderson, Joe","3","158","3.33",,"111","4 mins 35.66s","275.66","1","112","18","2","National Hunt","4.8","2.16","1","2","3909","87","Handicap Hurdle","led, shaken up before 2 out, kept on when pressed both sides run-in, headed close home","3","None","Left Handed","CkPc","18","9","Beaumec De Houelle (FR)","Very Undulating","2430","Mare","Manhattan Princess","Pivotal","118",
"2026-03-16","3.45.","Plumpton","Southern Cranes & Access Ltd Mares Handicap Hurdle","4yo+","Class 4",,"2m2f ","5281","Good To Soft","4","3rd","1","A Tickatickatiming","0","West, Miss Sheena","8","Goldstein, Marc","0","144","2.75",,"94","4 mins 35.66s","275.66","2","112","18","3","National Hunt","4","1.8464827","1","2","3909","87","Handicap Hurdle","raced in third, pushed along into second before 2 out, challenged run-in, held close home","4","None","Left Handed",,"21","21","Sixties Icon","Very Undulating","1215","Mare","Hi Note","Acclamation","118",
"2026-03-16","3.45.","Plumpton","Southern Cranes & Access Ltd Mares Handicap Hurdle","4yo+","Class 4",,"2m2f ","5281","Good To Soft","4","4th","19","Al Sayah","0","Mulholland, N P","6","McLernon, R P","0","168","7",,"118","4 mins 35.66s","275.66","21","112","18","4","National Hunt","9.11552328","3.1","1","2","3909","87","Handicap Hurdle","raced in last, mistake 6th and 7th, pushed along after 7th, beaten before 2 out","1","None","Left Handed","CkPc","149","20","Golden Horn","Very Undulating","608","Mare","Acquisition","Dansili","118",
"2026-03-16","4.15.","Plumpton","Weatherbys nhstallions.co.uk Handicap Chase","5yo+","Class 5",,"3m2f ","4225","Good To Soft","7","1st",,"Ferret Jeeter","0","Honeyball, A J","9","Bament, Mr Chad","7","161","0.91","(Fav)","98","6 mins 48.40s","408.4",,"90","26","1","National Hunt","2.01557753","1.46","2","2","5657","109","Handicap Chase","midfield, not fluent 4 out, pushed along into second after 3 out, soon chased leader, pressed leader last, led run-in, ran on well","1","None","Left Handed"," TT","7","12","Recharge (IRE)","Very Undulating","4225","Gelding","Halo Flora","Alflora (IRE)","98",
"2026-03-16","4.15.","Plumpton","Weatherbys nhstallions.co.uk Handicap Chase","5yo+","Class 5",,"3m2f ","4225","Good To Soft","7","2nd","5","Imperial Pride (IRE)","0","Dennis, David","10","Bellamy, Tom","0","149","10",,"79","6 mins 48.40s","408.4","5","90","26","2","National Hunt","12.30758323","4.8","2","2","5657","109","Handicap Chase","midfield, improved into third 8th, went second before 14th, led before 4 out, shaken up before 2 out, headed run-in","6","None","Left Handed","CkPc TT","15","13","Imperial Monarch (IRE)","Very Undulating","1944","Mare","Alderbrook Girl (IRE)","Alderbrook","98",
"2026-03-16","4.15.","Plumpton","Weatherbys nhstallions.co.uk Handicap Chase","5yo+","Class 5",,"3m2f ","4225","Good To Soft","7","3rd","11","West Orchard (IRE)","0","Tizzard, Joe","9","Powell, Brendan","0","167","5",,"97","6 mins 48.40s","408.4","16","90","26","3","National Hunt","8","2.91980449","2","2","5657","109","Handicap Chase","prominent, hit 9th, asked for effort before 3 out where not fluent, plugged on, no match for front two","2","None","Left Handed","CkPc","19","29","Westerner","Very Undulating","972","Gelding","Shellys Creek (IRE)","Flemensfirth (USA)","98",
"2026-03-16","4.15.","Plumpton","Weatherbys nhstallions.co.uk Handicap Chase","5yo+","Class 5",,"3m2f ","4225","Good To Soft","7","4th","47","Illogical Logic (FR)","0","Williams, Christian","8","Tudor, Jack","0","160","5.5",,"90","6 mins 48.40s","408.4","63","90","26","4","National Hunt","8.51871466","3.55","2","2","5657","109","Handicap Chase","held up in touch, detached 14th, tailed off","4","None","Left Handed",,"45","21","Coastal Path","Very Undulating","486","Gelding","Vierge Sainte (FR)","Robin Des Champs (FR)","98",
"2026-03-16","4.15.","Plumpton","Weatherbys nhstallions.co.uk Handicap Chase","5yo+","Class 5",,"3m2f ","4225","Good To Soft","7","5th","0.5","Ballygelly (IRE)","0","Bishop, Miss E J","8","Harrison, Liam","0","144","22",,"74","6 mins 48.40s","408.4","63.5","90","26","5","National Hunt","33.42201316","10.69249195","2","2","5657","109","Handicap Chase","held up in touch, asked for effort after 14th, soon detached, tailed off","7","None","Left Handed","Hood TT","138","8","Soldier Of Fortune (IRE)","Very Undulating","242","Mare","Indian Love (FR)","Indian Danehill (IRE)","98",
"2026-03-16","4.15.","Plumpton","Weatherbys nhstallions.co.uk Handicap Chase","5yo+","Class 5",,"3m2f ","4225","Good To Soft","7","PU",,"School For Scandal (FR)","0","Tickle, J","11","Fisher, Taylor","0","150","11",,"80","6 mins 48.40s","408.4",,"90","26","PU","National Hunt","16","5","2","2","5657","109","Handicap Chase","prominent, dropped to midfield before 8th, pecked 14th, soon eased and pulled up before 15th","5","None","Left Handed",,"32","39","Doctor Dino (FR)","Very Undulating",,"Gelding","School Of Thought (FR)","Turgeon (USA)","98",
"2026-03-16","4.15.","Plumpton","Weatherbys nhstallions.co.uk Handicap Chase","5yo+","Class 5",,"3m2f ","4225","Good To Soft","7","PU",,"Inedit De Mee (FR)","0","Lawes, T","8","Brogan, Kevin","0","164","10",,"94","6 mins 48.40s","408.4",,"90","26","PU","National Hunt","15.93975375","5","2","2","5657","109","Handicap Chase","led, mistake 14th, headed before 4 out, pushed along after 4 out, weakened before 2 out, pulled up before last","3","None","Left Handed","CkPc TT","64","7","Kapgarde (FR)","Very Undulating",,"Gelding","Capallyne (FR)","Lauro (GER)","98",
"2026-03-16","4.45.","Plumpton","Kalm Club Handicap Hurdle","4yo+","Class 5",,"2m5f ","3829","Good To Soft","6","1st",,"Kap De Triomphe (FR)","0","Williams, Christian","6","Tudor, Jack","0","152","9",,"84","5 mins 21.39s","321.39",,"87.5","21","1","National Hunt","9.33682225","4.7","2","2","4516","87","Handicap Hurdle","made all, shaken up after 2 out, kept on well","6","None","Left Handed","CkPc","117","9","Cima De Triomphe (IRE)","Very Undulating","3829","Gelding","Kaproyale (FR)","Kapgarde (FR)","100",
"2026-03-16","4.45.","Plumpton","Kalm Club Handicap Hurdle","4yo+","Class 5",,"2m5f ","3829","Good To Soft","6","2nd","5.5","Ephyra","0","Irvine, Andy","5","Quinn, Caoilin","0","150","16",,"82","5 mins 21.39s","321.39","5.5","87.5","21","2","National Hunt","22","6","2","2","4516","87","Handicap Hurdle","tracked leaders, went second before 2 out, ridden to chase leader before last, kept on but no match for winner","7","None","Left Handed",,"49","9","Camelot","Very Undulating","1762","Mare","Corinthian Girl (IRE)","Ravens Pass (USA)","100",
"2026-03-16","4.45.","Plumpton","Kalm Club Handicap Hurdle","4yo+","Class 5",,"2m5f ","3829","Good To Soft","6","3rd","3.75","Taritino (IRE)","0","Tickle, J","6","Fisher, Taylor","0","156","2.5",,"88","5 mins 21.39s","321.39","9.25","87.5","21","3","National Hunt","4.2","1.98163809","2","2","4516","87","Handicap Hurdle","midfield, progress to challenge 3 out where landed awkwardly, shaken up before 2 out, plugged on run-in","3","None","Left Handed",,"7","44","Buratino (IRE)","Very Undulating","881","Gelding","Archange (FR)","Arcano (IRE)","100",
"2026-03-16","4.45.","Plumpton","Kalm Club Handicap Hurdle","4yo+","Class 5",,"2m5f ","3829","Good To Soft","6","4th","8.5","Bread And Butter (IRE)","0","Woods, Mrs Cynthia","11","Best, J A","0","163","66",,"95","5 mins 21.39s","321.39","17.75","87.5","21","4","National Hunt","110","21.00432664","2","2","4516","87","Handicap Hurdle","held up in touch, hampered 3 out, soon pushed along, went moderate fourth 2 out, never threatened","2","None","Left Handed"," TT","53","57","Westerner","Very Undulating","441","Gelding","Wells Diamond (IRE)","Milan","100",
"2026-03-16","4.45.","Plumpton","Kalm Club Handicap Hurdle","4yo+","Class 5",,"2m5f ","3829","Good To Soft","6","5th","5","Ghasham (IRE)","0","Skelton, Daniel","7","Atkins, Mr Harry","7","161","1.38","(Fav)","100","5 mins 21.39s","321.39","22.75","87.5","21","5","National Hunt","2.54","1.60307314","2","2","4516","87","Handicap Hurdle","held up in touch, mistake 5th, ridden after 3 out, beaten before 2 out","1","None","Left Handed","CkPc","50","28","Churchill (IRE)","Very Undulating","220","Gelding","Shamarbelle (IRE)","Montjeu (IRE)","100",
"2026-03-16","4.45.","Plumpton","Kalm Club Handicap Hurdle","4yo+","Class 5",,"2m5f ","3829","Good To Soft","6","6th","7","Eliza Dolittle (IRE)","0","Gifford, N J","8","Worsley, Tabitha","3","152","3",,"87","5 mins 21.39s","321.39","29.75","87.5","21","6","National Hunt","4.7","2.24","2","2","4516","87","Handicap Hurdle","prominent, ridden and lost position after 3 out, weakened 2 out","4","None","Left Handed",,"21","20","Califet (FR)","Very Undulating","0","Mare","Cove (IRE)","Westerner","100",
"2026-03-16","5.15.","Plumpton","Hop On Down To The Easter Festival Open NH Flat Race (GBB Race)","4-6yo","Class 5",,"2m2f ","2722","Good To Soft","5","1st",,"Secret Des Lune","0","Clarke, Ben","5","Twiston-Davies, Sam","0","152","2.5",,"0","4 mins 28.77s","268.77",,"0","18","1","National Hunt","4","1.79","2","2","3909","87","NH Flat","led, pushed along 2f out, headed over 1f out, rallied and kept on final furlong, regained lead close home","5","None","Left Handed",,"46","2","Maxios","Very Undulating","2722","Mare","Vics Last Stand (IRE)","Old Vic","0",
"2026-03-16","5.15.","Plumpton","Hop On Down To The Easter Festival Open NH Flat Race (GBB Race)","4-6yo","Class 5",,"2m2f ","2722","Good To Soft","5","2nd","0.5","Double The Dance (IRE)","0","Moore, Gary and Josh","5","Quinn, Caoilin","0","159","0.91","(Fav)","0","4 mins 28.77s","268.77","0.5","0","18","2","National Hunt","2.1","1.37137056","2","2","3909","87","NH Flat","tracked leader, shaken up 2f out, led over 1f out, pressed final furlong, headed close home","1","None","Left Handed",,"80","2","Maxios","Very Undulating","1254","Gelding","Drive On Kate (IRE)","Milan","0",
"2026-03-16","5.15.","Plumpton","Hop On Down To The Easter Festival Open NH Flat Race (GBB Race)","4-6yo","Class 5",,"2m2f ","2722","Good To Soft","5","3rd","2.5","Getmyfriend (IRE)","0","Skelton, Daniel","5","Woods, K K","0","152","7.5",,"0","4 mins 28.77s","268.77","3","0","18","3","National Hunt","10","3.85","2","2","3909","87","NH Flat","raced in last, pushed along 3f out, went third 2f out, stayed on final furlong","3","None","Left Handed",,"None","0","Getaway (GER)","Very Undulating","627","Mare","Simonsoeur (IRE)","Robin Des Champs (FR)","0",
"2026-03-16","5.15.","Plumpton","Hop On Down To The Easter Festival Open NH Flat Race (GBB Race)","4-6yo","Class 5",,"2m2f ","2722","Good To Soft","5","4th","11","Soldier Poet (IRE)","0","Gifford, N J","5","Davies, James","0","159","12",,"0","4 mins 28.77s","268.77","14","0","18","4","National Hunt","18.46182128","4.9","2","2","3909","87","NH Flat","raced in fourth, pushed along into third over 3f out, lost third 2f out, soon weakened","2","None","Left Handed",,"75","2","Soldier Of Fortune (IRE)","Very Undulating","314","Gelding","Symbolist (IRE)","Yeats (IRE)","0",
"2026-03-16","5.15.","Plumpton","Hop On Down To The Easter Festival Open NH Flat Race (GBB Race)","4-6yo","Class 5",,"2m2f ","2722","Good To Soft","5","5th","9.5","Luna Marquesa (FR)","0","Tizzard, Joe","5","Powell, Brendan","0","152","8.5",,"0","4 mins 28.77s","268.77","23.5","0","18","5","National Hunt","9.66528088","3.95","2","2","3909","87","NH Flat","raced in third, ridden and lost third over 3f out, soon well beaten","4","None","Left Handed",,"None","0","Kapgarde (FR)","Very Undulating","0","Mare","A Merveille (FR)","Network (GER)","0",
"2026-03-16","5.30.","Wolverhampton","Read Meg Nicholls Blog At betmgm.co.uk Handicap","3yo","Class 5",,"1m4f ","3716","Standard","5","1st",,"Magnetude","5","Owen, J P","3","Morris, Luke","0","135","1","(Fav)","72","2 mins 41.72s","161.72",,"68","12","1","All Weather","2.11471493","1.3958113","2","2","2691","0","Handicap","raced in second, shaken up over 3f out, pushed along over 2f out, outpaced over 1f out, made good headway inside final furlong, soon edged left, ridden to lead towards finish, kept on well","1","Inside","Left Handed",,"116","3","Palace Pier","Tapeta","3716","Colt","Bark (IRE)","Galileo (IRE)","72",
"2026-03-16","5.30.","Wolverhampton","Read Meg Nicholls Blog At betmgm.co.uk Handicap","3yo","Class 5",,"1m4f ","3716","Standard","5","2nd","0.5","Gaelic Approach","1","Johnston, Charlie","3","Loughnane, Mr Billy","0","131","1.75",,"68","2 mins 41.72s","161.72","0.5","68","12","2","All Weather","2.86381342","1.64037794","2","2","2691","0","Handicap","tracked leaders on inner, outpaced from over 3f out, made headway over 1f out, ridden to lead inside final furlong, kept on but headed towards finish","3","Inside","Left Handed",,"144","3","Masar (IRE)","Tapeta","1744","Gelding","Faughill (IRE)","Lawman (FR)","72",
"2026-03-16","5.30.","Wolverhampton","Read Meg Nicholls Blog At betmgm.co.uk Handicap","3yo","Class 5",,"1m4f ","3716","Standard","5","3rd","2.25","Magician of Riga (IRE)","3","Hannon (Jnr), Richard","3","Levey, S M","0","129","9",,"66","2 mins 41.72s","161.72","2.75","68","12","3","All Weather","12.5","4.3","2","2","2691","0","Handicap","led, shaken up over 1f out, soon ridden along, headed and lost second inside final furlong, no extra towards finish","4","Inside","Left Handed",,"13","4","Time Test","Tapeta","871","Colt","Grizzel (IRE)","Kodiac","72",
"2026-03-16","5.30.","Wolverhampton","Read Meg Nicholls Blog At betmgm.co.uk Handicap","3yo","Class 5",,"1m4f ","3716","Standard","5","4th","4","Five Moons (IRE)","4","Crisford, Simon","3","Mitchell, Jack","0","133","8",,"70","2 mins 41.72s","161.72","6.75","68","12","4","All Weather","10.92646402","3.14479187","2","2","2691","0","Handicap","in touch, bit short of room on bend over 2f out, hung left and outpaced over 1f out, made no impression","2","Inside","Left Handed",,"27","3","Sea The Stars (IRE)","Tapeta","436","Filly","Lady Peoria (IRE)","Estidhkaar (IRE)","72",
"2026-03-16","5.30.","Wolverhampton","Read Meg Nicholls Blog At betmgm.co.uk Handicap","3yo","Class 5",,"1m4f ","3716","Standard","5","5th","2.75","Fuzeyya","2","OKeeffe, Jedd","3","Dace, Jack","5","117","28",,"59","2 mins 41.72s","161.72","9.5","68","12","5","All Weather","44.64912578","10.5","2","2","2691","0","Handicap","raced in last, never on terms","5","Inside","Left Handed","CkPc","184","3","Ulysses (IRE)","Tapeta","217","Filly","Jedhi","Big Bad Bob (IRE)","72",
"2026-03-16","6.00.","Wolverhampton","Always Gamble Responsibly At BetMGM Classified Stakes","4yo+","Class 6",,"1m.5f ","3140","Standard","12","1st",,"Desiderata (IRE)","11","Faulkner, T","6","Loughnane, Mr Billy","0","135","2","(Fav)","49","1 mins 49.68s","109.68",,"47","8.5","1","All Weather","3.6","1.72799797","3","3","1902","0","Non-Handicap","prominent, kept on out wide early, soon raced in second, led over 2f out, ridden when faced challenge inside final furlong, rallied to assert towards finish, game","5","Inside","Left Handed",,"14","19","Vadamos (FR)","Tapeta","3140","Gelding","Seven Even (FR)","Turtle Bowl (IRE)","55",
"2026-03-16","6.00.","Wolverhampton","Always Gamble Responsibly At BetMGM Classified Stakes","4yo+","Class 6",,"1m.5f ","3140","Standard","12","2nd","1","Will Be King (IRE)","8","McConnell, John C","10","Morris, Luke","0","135","18",,"44","1 mins 49.68s","109.68","1","47","8.5","2","All Weather","28","6.2","3","3","1902","0","Non-Handicap","led, headed after 1f, prominent, pushed along 2f out, ran on well and disputed lead inside final furlong, ran on but no extra towards finish","12","Inside","Left Handed"," TT","922","39","Charm Spirit (IRE)","Tapeta","1474","Gelding","Dame Lucy (IRE)","Refuse To Bend (IRE)","55",
"2026-03-16","6.00.","Wolverhampton","Always Gamble Responsibly At BetMGM Classified Stakes","4yo+","Class 6",,"1m.5f ","3140","Standard","12","3rd","2","Nutcracker","5","Carroll, A W","4","Carson, William","0","135","33",,"43","1 mins 49.68s","109.68","3","47","8.5","3","All Weather","49.94096546","9.97735978","3","3","1902","0","Non-Handicap","prominent, chased leaders over 1f out, kept on, took third inside final 110yds, no extra towards finish","7","Inside","Left Handed",,"12","9","Outstrip","Tapeta","736","Gelding","Sugar Plum Fairy","Halling (USA)","55",
"2026-03-16","6.00.","Wolverhampton","Always Gamble Responsibly At BetMGM Classified Stakes","4yo+","Class 6",,"1m.5f ","3140","Standard","12","4th","1.75","United Force (IRE)","7","Hobson, Miss Clare","6","Ghiani, Marco","0","135","28",,"43","1 mins 49.68s","109.68","4.75","47","8.5","4","All Weather","55","10.66931762","3","3","1902","0","Non-Handicap","rear of midfield, raced wide throughout, pushed along soon after halfway, headway and chased leaders from 3f out, ridden over 1f out, weakened and lost one place inside final 110yds","11","Inside","Left Handed",,"60","36","Showcasing","Tapeta","368","Gelding","Pure Innocence (IRE)","Montjeu (IRE)","55",
"2026-03-16","6.00.","Wolverhampton","Always Gamble Responsibly At BetMGM Classified Stakes","4yo+","Class 6",,"1m.5f ","3140","Standard","12","5th","NK","Sold Out","3","Mackie, J","4","Donohoe, Stephen","0","135","4",,"50","1 mins 49.68s","109.68","4.9","47","8.5","5","All Weather","5.7","2.00102443","3","3","1902","0","Non-Handicap","prominent, ridden over 1f out, kept on but no telling impression towards finish (vet said gelding lost right-fore shoe)","10","Inside","Left Handed",,"10","13","Massaat (IRE)","Tapeta","184","Gelding","Turanga Leela","Paco Boy (IRE)","55",
"2026-03-16","6.00.","Wolverhampton","Always Gamble Responsibly At BetMGM Classified Stakes","4yo+","Class 6",,"1m.5f ","3140","Standard","12","6th","1.25","Lhebayeb (GER)","2","Price, R J","8","Crouch, Hector","0","139","2.75",,"47","1 mins 49.68s","109.68","6.15","47","8.5","6","All Weather","4.04647827","1.58636636","3","3","1902","0","Non-Handicap","in touch with leaders, pushed along over 2f out, ridden over 1f out, weakened final 110yds","1","Inside","Left Handed","Hood","6","65","Alhebayeb (IRE)","Tapeta","0","Mare","Lady Gabrielle (IRE)","Dansili","55",
"2026-03-16","6.00.","Wolverhampton","Always Gamble Responsibly At BetMGM Classified Stakes","4yo+","Class 6",,"1m.5f ","3140","Standard","12","7th","NK","Angels Call (IRE)","9","Evans, Mrs N S","5","ONeill, K T","0","135","33",,"47","1 mins 49.68s","109.68","6.3","47","8.5","7","All Weather","46","11.27607354","3","3","1902","0","Non-Handicap","towards rear, ridden over 2f out, outpaced over 1f out, weakened final 110yds","2","Inside","Left Handed",,"116","14","Soldiers Call","Tapeta","0","Gelding","Nickis Angel (IRE)","Dark Angel (IRE)","55",
"2026-03-16","6.00.","Wolverhampton","Always Gamble Responsibly At BetMGM Classified Stakes","4yo+","Class 6",,"1m.5f ","3140","Standard","12","8th","2.25","Resilient Lady","4","Brown, G","4","Bishop, Charles","0","135","12",,"47","1 mins 49.68s","109.68","8.55","47","8.5","8","All Weather","18.03666093","4.5","3","3","1902","0","Non-Handicap","towards rear, hung right throughout, modest headway over 1f out, weakened towards finish","9","Inside","Left Handed","CkPc","21","11","Bated Breath","Tapeta","0","Filly","Red Shelley","Sir Percy","55",
"2026-03-16","6.00.","Wolverhampton","Always Gamble Responsibly At BetMGM Classified Stakes","4yo+","Class 6",,"1m.5f ","3140","Standard","12","9th","4.5","Pure Theory","10","Cassidy, Stephanie","4","Doyle, Hollie","0","135","9",,"49","1 mins 49.68s","109.68","13.05","47","8.5","9","All Weather","15.1067815","3.69969711","3","3","1902","0","Non-Handicap","prominent, led after 1f, headed over 2f out, weakened quickly final furlong","8","Inside","Left Handed","CkPc","18","15","Ulysses (IRE)","Tapeta",,"Filly","Adjudicate","Dansili","55",
"2026-03-16","6.00.","Wolverhampton","Always Gamble Responsibly At BetMGM Classified Stakes","4yo+","Class 6",,"1m.5f ","3140","Standard","12","10th","7","Fullofbrightideas","12","Lycett, Shaun","5","Mangan, Gina","0","135","125",,"55","1 mins 49.68s","109.68","20.05","47","8.5","10","All Weather","130","26","3","3","1902","0","Non-Handicap","midfield, raced wide, outpaced before halfway, dropped towards rear 3f out, weakened over 1f out","6","Inside","Left Handed",,"945","4","Le Brivido (FR)","Tapeta",,"Gelding","Grand Myla (IRE)","Dark Angel (IRE)","55",
"2026-03-16","6.00.","Wolverhampton","Always Gamble Responsibly At BetMGM Classified Stakes","4yo+","Class 6",,"1m.5f ","3140","Standard","12","11th","NK","Bizarre Law","6","Herrington,M ","7","Probert, David","0","135","12",,"50","1 mins 49.68s","109.68","20.2","47","8.5","11","All Weather","15.5","3.83036272","3","3","1902","0","Non-Handicap","held up in rear, always outpaced, weakened over 1f out","3","Inside","Left Handed","CkPc","17","36","Lawman (FR)","Tapeta",,"Gelding","Bizzarria","Lemon Drop Kid (USA)","55",
"2026-03-16","6.00.","Wolverhampton","Always Gamble Responsibly At BetMGM Classified Stakes","4yo+","Class 6",,"1m.5f ","3140","Standard","12","12th","NK","Darlas Secret (IRE)","1","Spencer, Seb","4","Swift, Mr Dale","0","135","66",,"45","1 mins 49.68s","109.68","20.35","47","8.5","12","All Weather","207.43524099","29","3","3","1902","0","Non-Handicap","always towards rear, outpaced over 2f out, weakened inside final furlong","4","Inside","Left Handed","CkPc","6","15","Zoustar (AUS)","Tapeta",,"Gelding","Mountain Dreams (USA)","Temple City (USA)","55",
"2026-03-16","6.30.","Wolverhampton","Win 250,000 With BetMGMs Golden Goals Novice Stakes","4yo+","Class 4",,"1m.5f ","5400","Standard","6","1st",,"Mobberley Rose (IRE)","6","Varian, Roger","4","Mitchell, Jack","0","125","2.75",,"0","1 mins 52.17s","112.17",,"0","8.5","1","All Weather","4.53073903","1.51578075","2","2","1902","0","Novices","midfield, smooth headway over 2f out, ran green when led over 1f out, soon went clear and ran on well, promising","6","Inside","Left Handed",,"None","0","Night Of Thunder (IRE)","Tapeta","5400","Filly","Yellow Band (USA)","Dalakhani (IRE)","0",
"2026-03-16","6.30.","Wolverhampton","Win 250,000 With BetMGMs Golden Goals Novice Stakes","4yo+","Class 4",,"1m.5f ","5400","Standard","6","2nd","5","Keep It Cool (IRE)","4","Owen, J P","6","Howarth, Christian","3","122","200",,"0","1 mins 52.17s","112.17","5","0","8.5","2","All Weather","1000","126.28118501","2","2","1902","0","Novices","wore hood to start, slowly away and held up in rear, outpaced over 3f out, ridden over 1f out, ran on well inside final furlong, no chance with winner towards finish","4","Inside","Left Handed",,"52","15","Gamut (IRE)","Tapeta","2535","Mare","Kalanosa (IRE)","Kalanisi (IRE)","0",
"2026-03-16","6.30.","Wolverhampton","Win 250,000 With BetMGMs Golden Goals Novice Stakes","4yo+","Class 4",,"1m.5f ","5400","Standard","6","3rd","1.5","Ted Le Saux","1","Balding, A M","4","Murphy, Oisin","0","137","0.4","(Fav)","0","1 mins 52.17s","112.17","6.5","0","8.5","3","All Weather","1.43","1.10094852","2","2","1902","0","Novices","wore hood to start, prominent, led after 1f, pushed along when headed over 1f out, weakened inside final 110yds","1","Inside","Left Handed",,"65","2","Cracksman","Tapeta","1268","Gelding","Theladyinquestion","Dubawi (IRE)","0",
"2026-03-16","6.30.","Wolverhampton","Win 250,000 With BetMGMs Golden Goals Novice Stakes","4yo+","Class 4",,"1m.5f ","5400","Standard","6","4th","NK","Laravie (IRE)","5","Owen, J P","7","Paetel, Mason","5","120","66",,"0","1 mins 52.17s","112.17","6.65","0","8.5","4","All Weather","327.0951654","34","2","2","1902","0","Novices","towards rear, ridden over 1f out, kept on but no telling impression towards finish","5","Inside","Left Handed",,"12","16","Sans Frontieres (IRE)","Tapeta","634","Mare","Lohort Castle (IRE)","Presenting","0",
"2026-03-16","6.30.","Wolverhampton","Win 250,000 With BetMGMs Golden Goals Novice Stakes","4yo+","Class 4",,"1m.5f ","5400","Standard","6","5th","SH","Porters Song","3","Bethell, Ed","4","Rodriguez, Callum","0","130","7",,"0","1 mins 52.17s","112.17","6.7","0","8.5","5","All Weather","12.5","2.6","2","2","1902","0","Novices","led, headed after 1f, pushed along 2f out, outpaced over 1f out, weakened towards finish","3","Inside","Left Handed",,"None","0","Too Darn Hot","Tapeta","0","Gelding","Reem (AUS)","Galileo (IRE)","0",
"2026-03-16","6.30.","Wolverhampton","Win 250,000 With BetMGMs Golden Goals Novice Stakes","4yo+","Class 4",,"1m.5f ","5400","Standard","6","6th","5","Belltony","2","Price, R J","4","Marsh, Finley","0","130","300",,"0","1 mins 52.17s","112.17","11.7","0","8.5","6","All Weather","1000","120","2","2","1902","0","Novices","prominent, pushed along 2f out, short of room over 1f out, soon weakened","2","Inside","Left Handed",,"21","2","Massaat (IRE)","Tapeta","0","Gelding","Bellevarde (IRE)","Kodiac","0",
"2026-03-16","7.00.","Wolverhampton","Bet 10 Get 40 With BetMGM Handicap","3yo","Class 6",,"7f ","3140","Standard","11","1st",,"Galileo Charm","5","Botti, M","3","Havlin, Robert","0","135","3.5",,"65","1 mins 29.91s","89.91",,"62","7","1","All Weather","5.7","1.95723742","3","3","1576","0","Handicap","bumped start, briefly led early, steadied to race in third after 1f, headway from 2f out, ridden when led inside 1f out, ran on well","2","Outside","Left Handed","CkPc","13","7","Galileo Gold","Tapeta","3140","Filly","Rustic Charm","Dubawi (IRE)","65",
"2026-03-16","7.00.","Wolverhampton","Bet 10 Get 40 With BetMGM Handicap","3yo","Class 6",,"7f ","3140","Standard","11","2nd","0.5","South Coast Star (IRE)","6","Palmer, Hugo","3","Probert, David","0","125","12",,"55","1 mins 29.91s","89.91","0.5","62","7","2","All Weather","17.41679746","4.57829504","3","3","1576","0","Handicap","went left and bumped rival start, soon in touch with leaders, raced keenly early, pushed along 2f out, ran on well towards centre from 1f out, took second inside final 100yds, ran on","12","Outside","Left Handed",,"11","5","Starman","Tapeta","1474","Filly","Silk Fan (IRE)","Unfuwain (USA)","65",
"2026-03-16","7.00.","Wolverhampton","Bet 10 Get 40 With BetMGM Handicap","3yo","Class 6",,"7f ","3140","Standard","11","3rd","NK","Corniche Girl (IRE)","3","Hannon (Jnr), Richard","3","Levey, S M","0","133","6.5",,"63","1 mins 29.91s","89.91","0.65","62","7","3","All Weather","9.4","2.53106664","3","3","1576","0","Handicap","midfield, headway 2f out, raced towards centre and ran on well inside final furlong, not reach leaders towards finish","5","Outside","Left Handed",,"16","14","Dandy Man (IRE)","Tapeta","736","Filly","Sweeproad (IRE)","No Nay Never (USA)","65",
"2026-03-16","7.00.","Wolverhampton","Bet 10 Get 40 With BetMGM Handicap","3yo","Class 6",,"7f ","3140","Standard","11","4th","2.25","Dora Vita","2","Phillips, R T","3","Bowen, S D","0","128","80",,"58","1 mins 29.91s","89.91","2.9","62","7","4","All Weather","160","23.04651628","3","3","1576","0","Handicap","towards rear, ridden and headway inside final furlong, ran on but not pace of leading trio near finish","10","Outside","Left Handed",,"31","3","Dream Ahead (USA)","Tapeta","368","Filly","Enliven","Dansili","65",
"2026-03-16","7.00.","Wolverhampton","Bet 10 Get 40 With BetMGM Handicap","3yo","Class 6",,"7f ","3140","Standard","11","5th","NK","Sup Of Red (IRE)","7","Wintle, A","3","Marsh, Finley","0","134","3.33",,"64","1 mins 29.91s","89.91","3.05","62","7","5","All Weather","5.2","1.86307282","3","3","1576","0","Handicap","slowly away, towards rear, keen when impeded on first bend, pushed along and briefly dropped to last after 2f, ridden over 1f out, some headway inside final furlong, kept on","3","Outside","Left Handed",,"17","10","Supremacy (IRE)","Tapeta","184","Filly","Red Saree (IRE)","Moohaajim (IRE)","65",
"2026-03-16","7.00.","Wolverhampton","Bet 10 Get 40 With BetMGM Handicap","3yo","Class 6",,"7f ","3140","Standard","11","6th","0.75","My Dad Tom (IRE)","1","Hannon (Jnr), Richard","3","Cameron, Tyrese","5","127","12",,"62","1 mins 29.91s","89.91","3.8","62","7","6","All Weather","16.69695654","4.5","3","3","1576","0","Handicap","never better than midfield, keen early, ridden when switched left inside final 110yds, kept on","7","Outside","Left Handed","CkPc","76","8","Profitable (IRE)","Tapeta","0","Gelding","Punakha (IRE)","Acclamation","65",
"2026-03-16","7.00.","Wolverhampton","Bet 10 Get 40 With BetMGM Handicap","3yo","Class 6",,"7f ","3140","Standard","11","7th","NSE","Pink Diamond Girl","8","Burke, Kieran","3","Ghiani, Marco","0","126","28",,"56","1 mins 29.91s","89.91","3.83","62","7","7","All Weather","44.55275157","9.13426804","3","3","1576","0","Handicap","smartly away and led after 1f, keen early, ridden 2f out, headed over 1f out, weakened quickly final 110yds","11","Outside","Left Handed",,"26","3","Golden Horn","Tapeta","0","Filly","Lapidary","Kodiac","65",
"2026-03-16","7.00.","Wolverhampton","Bet 10 Get 40 With BetMGM Handicap","3yo","Class 6",,"7f ","3140","Standard","11","8th","1.5","Sand Lily","12","Johnston, Charlie","3","Loughnane, Mr Billy","0","133","7.5",,"63","1 mins 29.91s","89.91","5.33","62","7","8","All Weather","9.74241172","3.65","3","3","1576","0","Handicap","went left and impeded rival start, soon prominent, pressed leader 2f out, ridden over 1f out, weakened quickly final 110yds","4","Outside","Left Handed",,"241","3","Ardad (IRE)","Tapeta","0","Filly","Sands Of Time","Bobbys Kitten (USA)","65",
"2026-03-16","7.00.","Wolverhampton","Bet 10 Get 40 With BetMGM Handicap","3yo","Class 6",,"7f ","3140","Standard","11","9th","SH","Legacy Rock (IRE)","4","Newland, Dr R D P","3","Doyle, Hollie","0","133","3","(Fav)","63","1 mins 29.91s","89.91","5.38","62","7","9","All Weather","4.8","2.02","3","3","1576","0","Handicap","always towards rear, ridden over 1f out, weakened inside final 110yds","6","Outside","Left Handed",,"192","3","Kameko (USA)","Tapeta",,"Gelding","Rich Legacy (IRE)","Holy Roman Emperor (IRE)","65",
"2026-03-16","7.00.","Wolverhampton","Bet 10 Get 40 With BetMGM Handicap","3yo","Class 6",,"7f ","3140","Standard","11","10th","2.25","Baggie Boy","9","Carroll, A W","3","Doughty, Jack","0","128","100",,"58","1 mins 29.91s","89.91","7.63","62","7","10","All Weather","283.86374538","48.39595702","3","3","1576","0","Handicap","impeded start, rear of midfield, raced keenly and unbalanced shifted left on first bend, pushed along over 2f out, ridden over 1f out, soon weakened","9","Outside","Left Handed",,"21","3","Sergei Prokofiev (CAN)","Tapeta",,"Gelding","Habita (IRE)","Montjeu (IRE)","65",
"2026-03-16","7.00.","Wolverhampton","Bet 10 Get 40 With BetMGM Handicap","3yo","Class 6",,"7f ","3140","Standard","11","11th","99","Attention Seeker (IRE)","11","Ellison, B","3","Robinson, Ben","0","131","14",,"61","1 mins 29.91s","89.91","106.63","62","7","11","All Weather","18.39855989","5.45065211","3","3","1576","0","Handicap","dwelt hung badly right and raced wide, hard to steer on first bend and soon lost touch, tailed off before halfway","8","Outside","Left Handed",,"21","6","Cotai Glory","Tapeta",,"Gelding","Hecuba","Hector Protector (USA)","65",
"2026-03-16","7.30.","Wolverhampton","Midnite Are Upping The Betting Game Handicap","4yo+","Class 5",,"6f ","3716","Standard","7","1st",,"Water Of Leith (IRE)","5","Goldie, J S","8","Loughnane, Mr Billy","0","128","1.5","(Fav)","63","1 mins 13.06s","73.06",,"65","6","1","All Weather","2.54","1.67792593","2","2","1340","0","Handicap","taken down early, midfield, pushed along 2f out, taken towards centre and led over 1f out, soon went clear, ran on well, readily","5","Inside","Left Handed",,"11","97","Kodiac","Tapeta","3716","Gelding","Zakhrafa (IRE)","Shamardal (USA)","74",
"2026-03-16","7.30.","Wolverhampton","Midnite Are Upping The Betting Game Handicap","4yo+","Class 5",,"6f ","3716","Standard","7","2nd","3","Mumayaz (IRE)","4","Carroll, A W","7","Doughty, Jack","0","133","4.5",,"68","1 mins 13.06s","73.06","3","65","6","2","All Weather","6.39647318","2.98232867","2","2","1340","0","Handicap","slowly away, towards rear, pushed along 2f out, ridden 1f out, good headway final 110yds,","2","Inside","Left Handed"," TT","18","75","Tamayuz","Tapeta","1744","Gelding","Rashaaqa","Oasis Dream","74",
"2026-03-16","7.30.","Wolverhampton","Midnite Are Upping The Betting Game Handicap","4yo+","Class 5",,"6f ","3716","Standard","7","3rd","SH","Twilight Madness","2","Hodgson, Simon","8","Rawlinson, Ali","0","128","9",,"63","1 mins 13.06s","73.06","3.05","65","6","3","All Weather","13.32947027","5.45981382","2","2","1340","0","Handicap","in touch with leaders, took second halfway, pushed along towards centre when briefly disputed lead over 1f out, chased winner final furlong, ran on","6","Inside","Left Handed","CkPc","14","51","Twilight Son","Tapeta","871","Horse","Rhal (IRE)","Rahy (USA)","74",
"2026-03-16","7.30.","Wolverhampton","Midnite Are Upping The Betting Game Handicap","4yo+","Class 5",,"6f ","3716","Standard","7","4th","NK","Mart","7","Cunha, Dylan","5","Morris, Luke","0","130","11",,"65","1 mins 13.06s","73.06","3.2","65","6","4","All Weather","16.14643232","6.34971974","2","2","1340","0","Handicap","slowly away, in rear, pushed along 2f out, waiting for room over 1f out, ran on final furlong, not reach leaders towards finish","4","Inside","Left Handed",,"13","43","Dark Angel (IRE)","Tapeta","436","Gelding","Adorn","Kyllachy","74",
"2026-03-16","7.30.","Wolverhampton","Midnite Are Upping The Betting Game Handicap","4yo+","Class 5",,"6f ","3716","Standard","7","5th","1.25","Silky Robin (IRE)","3","Toomey, Brian","5","Bowen, S D","0","127","14",,"62","1 mins 13.06s","73.06","4.45","65","6","5","All Weather","18","5.89413958","2","2","1340","0","Handicap","midfield, pushed along 2f out, outpaced inside final furlong, weakened towards finish","7","Inside","Left Handed","Blnk","3","28","Exceed And Excel (AUS)","Tapeta","217","Gelding","Shaya (IRE)","Invincible Spirit (IRE)","74",
"2026-03-16","7.30.","Wolverhampton","Midnite Are Upping The Betting Game Handicap","4yo+","Class 5",,"6f ","3716","Standard","7","6th","1.25","Beauzon","1","Williams, Ian","7","Bishop, Charles","0","139","2.75",,"74","1 mins 13.06s","73.06","5.7","65","6","6","All Weather","4.6","2.38","2","2","1340","0","Handicap","mounted on chute and taken down early, wore hood to start, close up, led before end of first furlong, pushed along over 1f out,m headed inside final furlong, weakened quickly towards finish","1","Inside","Left Handed","CkPc","3","76","Brazen Beau (AUS)","Tapeta","0","Gelding","Pepper Lane","Exceed And Excel (AUS)","74",
"2026-03-16","7.30.","Wolverhampton","Midnite Are Upping The Betting Game Handicap","4yo+","Class 5",,"6f ","3716","Standard","7","7th","4.75","Digital (IRE)","6","Carr, Mrs R A","8","Sullivan, James P","0","132","18",,"67","1 mins 13.06s","73.06","10.45","65","6","7","All Weather","26.05523328","7.82944744","2","2","1340","0","Handicap","taken down early, led early, headed before end of first furlong, raced wide throughout, ridden 2f out, outpaced and dropped to rear over 1f out, detached towards finish","3","Inside","Left Handed","CkPc","11","64","Kodi Bear (IRE)","Tapeta","0","Gelding","Notte Illuminata (IRE)","Acclamation","74",
"2026-03-16","8.00.","Wolverhampton","Join The Midnite Movement Classified Stakes","4yo+","Class 6",,"5f ","3140","Standard","8","1st",,"Phils Dream (IRE)","1","McConnell, John C","6","Doyle, Hollie","0","135","5",,"47","1 mins 1.29s","61.29",,"48","5","1","All Weather","8.11030728","2.18477652","3","3","1121","0","Non-Handicap","midfield, tracked leaders 2f out, led over 1f out, ran on well, won going away","8","Inside","Left Handed","Vsor TT","48","21","Mehmas (IRE)","Tapeta","3140","Gelding","Luna Rosa (IRE)","Marju (IRE)","50",
"2026-03-16","8.00.","Wolverhampton","Join The Midnite Movement Classified Stakes","4yo+","Class 6",,"5f ","3140","Standard","8","2nd","1.25","Kipp Kelly","7","Shaw, D","5","Mason, Joanna","0","135","3.33",,"50","1 mins 1.29s","61.29","1.25","48","5","2","All Weather","4.3","1.62926246","3","3","1121","0","Non-Handicap","towards rear, raced wide on bend 2f out, pushed along towards centre from 1f out, took second inside final 110yds, ran on","5","Inside","Left Handed",,"4","26","Time Test","Tapeta","1474","Gelding","Tahlia Ree (IRE)","Acclamation","50",
"2026-03-16","8.00.","Wolverhampton","Join The Midnite Movement Classified Stakes","4yo+","Class 6",,"5f ","3140","Standard","8","3rd","0.5","Kento","3","Carroll, A W","5","Loughnane, Mr Billy","0","135","1.5","(Fav)","50","1 mins 1.29s","61.29","1.75","48","5","3","All Weather","2.56","1.31","3","3","1121","0","Non-Handicap","soon raced in second, ridden and briefly led 2f out, ridden when headed over 1f out, weakened to third towards finish","4","Inside","Left Handed","CkPc","9","26","Kuroshio (AUS)","Tapeta","736","Gelding","Jillolini","Bertolini (USA)","50",
"2026-03-16","8.00.","Wolverhampton","Join The Midnite Movement Classified Stakes","4yo+","Class 6",,"5f ","3140","Standard","8","4th","2.75","Second Collection","5","Carroll, A W","10","Coppins, Myla","7","128","14",,"48","1 mins 1.29s","61.29","4.5","48","5","4","All Weather","20.99319003","3.82508423","3","3","1121","0","Non-Handicap","taken down early and wore hood to start, held up in rear, pushed along to make headway on inner from 2f out, kept on but not reach leaders towards finish","9","Inside","Left Handed",,"19","95","Delegator","Tapeta","368","Mare","Quelle Affaire","Bahamian Bounty","50",
"2026-03-16","8.00.","Wolverhampton","Join The Midnite Movement Classified Stakes","4yo+","Class 6",,"5f ","3140","Standard","8","5th","1.75","Captain Kinsella","8","Gallagher, J","4","Morris, Luke","0","135","6",,"48","1 mins 1.29s","61.29","6.25","48","5","5","All Weather","8","2.49778663","3","3","1121","0","Non-Handicap","taken down early, prominent, pushed along 2f out, outpaced inside final furlong, weakened final 110yds","1","Inside","Left Handed"," TT","4","22","Rajasinghe (IRE)","Tapeta","184","Gelding","Cocabana","Captain Rio","50",
"2026-03-16","8.00.","Wolverhampton","Join The Midnite Movement Classified Stakes","4yo+","Class 6",,"5f ","3140","Standard","8","6th","0.75","Lion Ring (IRE)","2","Martin, Andrew J","8","Kavanagh, Ryan","5","130","10",,"48","1 mins 1.29s","61.29","7","48","5","6","All Weather","16.1298422","3.13976019","3","3","1121","0","Non-Handicap","led, ridden and headed 2f out, weakened quickly inside final furlong","6","Inside","Left Handed",,"14","74","The Last Lion (IRE)","Tapeta","0","Gelding","Bling Ring (USA)","Arch (USA)","50",
"2026-03-16","8.00.","Wolverhampton","Join The Midnite Movement Classified Stakes","4yo+","Class 6",,"5f ","3140","Standard","8","7th","0.75","Coco Hill (IRE)","4","Wintle, A","6","Marsh, Finley","0","135","50",,"41","1 mins 1.29s","61.29","7.75","48","5","7","All Weather","87.13852733","11","3","3","1121","0","Non-Handicap","towards rear, dropped to last before halfway, very modest headway inside final furlong","2","Inside","Left Handed",,"27","38","Anjaal","Tapeta","0","Mare","Clifton Dancer","Fraam","50",
"2026-03-16","8.00.","Wolverhampton","Join The Midnite Movement Classified Stakes","4yo+","Class 6",,"5f ","3140","Standard","8","8th","0.75","Global Effort (IRE)","6","McEntee, P S","6","McEntee, Grace","0","135","50",,"46","1 mins 1.29s","61.29","8.5","48","5","8","All Weather","85","12.5","3","3","1121","0","Non-Handicap","midfield, pushed along over 1f out, weakened and dropped to last inside final furlong, soon faded","3","Inside","Left Handed","Vsor","35","56","Gleneagles (IRE)","Tapeta","0","Gelding","Irish Madam","Equiano (FR)","50",
"2026-03-16","8.30.","Wolverhampton","Daily Profit Boosts At betmgm.co.uk Handicap","3yo","Class 6",,"1m.5f ","3140","Standard","10","1st",,"Time To Sparkle","10","Keane, J","3","Mitchell, Jack","0","130","16",,"55","1 mins 52.23s","112.23",,"54.5","8.5","1","All Weather","23","4.1","3","3","1902","0","Handicap","disputed lead early, soon prominent, pushed along and shifted right when led over 1f out, ridden when faced sustained challenge inside final 110yds, all out towards finish, just held on","4","Inside","Left Handed",,"7","5","Time Test","Tapeta","3140","Filly","Sparkle","Oasis Dream","66",
"2026-03-16","8.30.","Wolverhampton","Daily Profit Boosts At betmgm.co.uk Handicap","3yo","Class 6",,"1m.5f ","3140","Standard","10","2nd","SH","Sorted (IRE)","2","Loughnane, Daniel Mark","3","Loughnane, Mr Billy","0","124","7",,"49","1 mins 52.23s","112.23","0.05","54.5","8.5","2","All Weather","9","2.70031541","3","3","1902","0","Handicap","prominent, raced wide on bend 2f out, short of room over 1f out, pressed winner inside final furlong, no extra towards finish","9","Inside","Left Handed",,"56","4","Mayson","Tapeta","1474","Gelding","Untapped","Kodiac","66",
"2026-03-16","8.30.","Wolverhampton","Daily Profit Boosts At betmgm.co.uk Handicap","3yo","Class 6",,"1m.5f ","3140","Standard","10","3rd","1.25","Karakula Dancer","5","Ferguson, James","3","Vigors, Harry","7","127","2","(JFav)","59","1 mins 52.23s","112.23","1.3","54.5","8.5","3","All Weather","3.45969791","1.55746222","3","3","1902","0","Handicap","dwelt, slowly away, in rear, raced wide to make headway from 3f out, chased leaders final furlong, kept on","2","Inside","Left Handed","CkPc","12","9","Palace Pier","Tapeta","736","Gelding","Mix And Mingle (IRE)","Exceed And Excel (AUS)","66",
"2026-03-16","8.30.","Wolverhampton","Daily Profit Boosts At betmgm.co.uk Handicap","3yo","Class 6",,"1m.5f ","3140","Standard","10","4th","SH","Crimson Rambler","8","Scott, George","3","Wright, Liam","5","136","2","(JFav)","66","1 mins 52.23s","112.23","1.35","54.5","8.5","4","All Weather","3.4129025","1.6160162","3","3","1902","0","Handicap","midfield, ridden 2f out, short of room over 1f out, ran on final furlong, no extra towards finish","1","Inside","Left Handed","Blnk","7","9","Bated Breath","Tapeta","368","Gelding","Infanta Isabella","Lope De Vega (IRE)","66",
"2026-03-16","8.30.","Wolverhampton","Daily Profit Boosts At betmgm.co.uk Handicap","3yo","Class 6",,"1m.5f ","3140","Standard","10","5th","2.75","Laser Luck","3","Tutty, Gemma","3","Wood, George","0","129","40",,"54","1 mins 52.23s","112.23","4.1","54.5","8.5","5","All Weather","50.25866314","9.05590358","3","3","1902","0","Handicap","midfield, ridden over 1f out, some headway on inner rail inside final furlong, kept on","7","Inside","Left Handed",,"11","5","Expert Eye","Tapeta","184","Filly","Oydis","Nathaniel (IRE)","66",
"2026-03-16","8.30.","Wolverhampton","Daily Profit Boosts At betmgm.co.uk Handicap","3yo","Class 6",,"1m.5f ","3140","Standard","10","6th","0.5","Lucky Sevens","7","Owen, J P","3","Morris, Luke","0","121","25",,"46","1 mins 52.23s","112.23","4.6","54.5","8.5","6","All Weather","32.93916212","7.18031069","3","3","1902","0","Handicap","in touch with leaders, keen early, headway to dispute lead after 2f, ridden 2f out, outpaced over 1f out, soon weakened","10","Inside","Left Handed",,"41","3","Aali (IRE)","Tapeta","0","Gelding","Fairy Slipper","Singspiel (IRE)","66",
"2026-03-16","8.30.","Wolverhampton","Daily Profit Boosts At betmgm.co.uk Handicap","3yo","Class 6",,"1m.5f ","3140","Standard","10","7th","1.25","Crown The Future (IRE)","9","Carroll, A W","3","Carson, William","0","130","7",,"55","1 mins 52.23s","112.23","5.85","54.5","8.5","7","All Weather","8.25326895","2.69773759","3","3","1902","0","Handicap","disputed lead, ridden and headed 2f out, weakened inside final furlong","5","Inside","Left Handed","CkPc","32","7","Coulsty (IRE)","Tapeta","0","Gelding","Palace Future","Sepoy (AUS)","66",
"2026-03-16","8.30.","Wolverhampton","Daily Profit Boosts At betmgm.co.uk Handicap","3yo","Class 6",,"1m.5f ","3140","Standard","10","8th","1.75","Chilliconcarneigh (IRE)","1","Evans, P D","3","Cosgrave, Pat","0","129","12",,"54","1 mins 52.23s","112.23","7.6","54.5","8.5","8","All Weather","17","3.35281967","3","3","1902","0","Handicap","disputed lead early, soon prominent, pushed along over 2f out, outpaced over 1f out, weakened quickly final furlong","6","Inside","Left Handed",,"11","12","Coulsty (IRE)","Tapeta","0","Gelding","Broadway Musical (IRE)","Exceed And Excel (AUS)","66",
"2026-03-16","8.30.","Wolverhampton","Daily Profit Boosts At betmgm.co.uk Handicap","3yo","Class 6",,"1m.5f ","3140","Standard","10","9th","5.5","Thependleburyfox (IRE)","4","Tutty, Gemma","3","Pyle, William","3","124","40",,"52","1 mins 52.23s","112.23","13.1","54.5","8.5","9","All Weather","60","10.21419541","3","3","1902","0","Handicap","always towards rear, outpaced from 3f out, weakened over 1f out","8","Inside","Left Handed",,"29","3","Elzaam (AUS)","Tapeta",,"Filly","Fitrah (IRE)","Tamayuz","66",
"2026-03-16","8.30.","Wolverhampton","Daily Profit Boosts At betmgm.co.uk Handicap","3yo","Class 6",,"1m.5f ","3140","Standard","10","10th","SH","Hazy Cosmic Jane (IRE)","6","Donovan, D","3","Probert, David","0","132","28",,"57","1 mins 52.23s","112.23","13.15","54.5","8.5","10","All Weather","46.00138177","8.21708139","3","3","1902","0","Handicap","towards rear, dropped to last and pushed along soon after halfway, weakened over 1f out","3","Inside","Left Handed",,"157","8","Starman","Tapeta",,"Filly","Single Thought","Teofilo (IRE)","66",
